age,id,permalink,username,to,text,date,retweets,favorites,mentions,hashtags,geo
66,1251656625947136001,https://twitter.com/Oprah/status/1251656625947136001,Oprah,,Or stream it here: https://www.globalcitizen.org/en/connect/togetherathome/?utm_source=social_platform&amp;utm_medium=platformglobal_artist&amp;utm_campaign=oneworld_launch&amp;utm_content=signup #TogetherAtHome,2020-04-18 23:39:28+00:00,220,1399,,#TogetherAtHome #TogetherAtHome,1251656625947136001
66,1251656521882140672,https://twitter.com/Oprah/status/1251656521882140672,Oprah,,We’re doing dinner early so we can watch the ONE World concert with @LadyGaga &amp; @glblctzn at 8 PM EST across all the major networks. I think wine and music makes meal prep so much better. You agree? #TogetherAtHome,2020-04-18 23:39:04+00:00,2636,38926,@ladygaga @GlblCtzn,#TogetherAtHome #TogetherAtHome,1251656521882140672
66,1250276194907381760,https://twitter.com/Oprah/status/1250276194907381760,Oprah,,"We are in a moment where we need to be lifted and comforted and @IAMJHUD’s voice is one that can do that. Jennifer: Thank you for calming our spirits through your song, “Moan.” Watch my free @appletv special #OprahTalks here: http://apple.co/Oprahtalks pic.twitter.com/vZrBhxtZHZ",2020-04-15 04:14:08+00:00,439,1881,@IAMJHUD @AppleTV,#OprahTalks,1250276194907381760
66,1250274404577079297,https://twitter.com/Oprah/status/1250274404577079297,Oprah,,Stream my free @AppleTV conversation with @DrAlethaMaybank here:,2020-04-15 04:07:01+00:00,71,349,@AppleTV @DrAlethaMaybank,,1250274404577079297
66,1250274169004032000,https://twitter.com/Oprah/status/1250274169004032000,Oprah,,.@DrAlethaMaybank founded the first center for health equity for the @AmerMedicalAssn. She seeks to provide underserved populations across the country with resources &amp; access to quality healthcare. Thank you for your work #OprahTalks #COVID19,2020-04-15 04:06:05+00:00,296,1349,@DrAlethaMaybank @AmerMedicalAssn,#OprahTalks #COVID19,1250274169004032000
66,1250269587599319043,https://twitter.com/Oprah/status/1250269587599319043,Oprah,nhannahjones,Important thread on #COVID19 &amp; Black America #OprahTalks,2020-04-15 03:47:53+00:00,268,1104,,#COVID19 #OprahTalks,1250269587599319043
66,1250269478304100352,https://twitter.com/Oprah/status/1250269478304100352,Oprah,,Watch my free @AppleTV conversation with @nhannahjones here: http://Apple.co/oprahtalks,2020-04-15 03:47:27+00:00,89,356,@AppleTV @nhannahjones,,1250269478304100352
66,1250268740605919232,https://twitter.com/Oprah/status/1250268740605919232,Oprah,,.@nhannahjones was ahead of the curve in warning us that #COVID19 was going to hit the Black community like a sledgehammer—which is why she started a Twitter thread to make them aware. Thank you for bringing us awareness through your work &amp; social media. #OprahTalks,2020-04-15 03:44:31+00:00,612,3281,@nhannahjones,#COVID19 #OprahTalks,1250268740605919232
66,1250266899801346048,https://twitter.com/Oprah/status/1250266899801346048,Oprah,,Watch my free @AppleTV conversation with the Riley family here: http://Apple.co/oprahtalks,2020-04-15 03:37:12+00:00,32,205,@AppleTV,,1250266899801346048
66,1250266527074594817,https://twitter.com/Oprah/status/1250266527074594817,Oprah,,"In Milwaukee, Black people account for nearly 70% of the #COVID19 deaths but only make up 26% of the population. Lawrence was the first resident of the city to die of the virus. He lost his battle 3 days after being diagnosed—wth his family unable to be by his side #OprahTalks",2020-04-15 03:35:43+00:00,324,1246,,#COVID19 #OprahTalks,1250266527074594817
66,1253451930963185666,https://twitter.com/PeterDFleetwood/status/1253451930963185666,PeterDFleetwood,DominicFarrell,"Some time after the release of the ilm 'Full Metal Jacket' revelations about a US politician who, it seems, was a draft-dodger - because of privilege - inspired some wag to re-invent the film title as 'Full Dinner Jacket'. Who was that politician? I can’t remember!",2020-04-23 22:33:23+00:00,0,1,,,1253451930963185666
66,1253448917905219589,https://twitter.com/PeterDFleetwood/status/1253448917905219589,PeterDFleetwood,kevinohigginssj,It’s funny seeing people getting nervous when invited to enter into dialogue with a text (and/or its author) rather than insist it has a meaning that is fixed forever - particularly when it is one of the foundational texts of a religion. Is the need for certainty a pathology?,2020-04-23 22:21:24+00:00,0,0,,,1253448917905219589
66,1253403100918013954,https://twitter.com/PeterDFleetwood/status/1253403100918013954,PeterDFleetwood,CitizensFedUp,The Lyin’ King stars in this very funny song! @Storystudiouk @frankcottrell_b @maxaprice @bro_james @alfiejoey @Scousergerry @GedMurphy14 @BITLorgje @andrew_headon @bayned @ChristianRuch @Fingersf1,2020-04-23 19:19:21+00:00,9,13,@Storystudiouk @frankcottrell_b @maxaprice @bro_james @alfiejoey @Scousergerry @GedMurphy14 @BITLorgje @andrew_headon @bayned @ChristianRuch @Fingersf1,,1253403100918013954
66,1253338756364382209,https://twitter.com/PeterDFleetwood/status/1253338756364382209,PeterDFleetwood,Dunibear,Isn’t it amazing how many would-be cameramen are popping up in response to this?,2020-04-23 15:03:40+00:00,0,2,,,1253338756364382209
66,1253337376375533571,https://twitter.com/PeterDFleetwood/status/1253337376375533571,PeterDFleetwood,ArchbishopMark,I’ll have to leave something like a miniature Easter egg for Pterry (the Pterodactyl)!!!,2020-04-23 14:58:11+00:00,0,1,,,1253337376375533571
66,1253216367639236609,https://twitter.com/PeterDFleetwood/status/1253216367639236609,PeterDFleetwood,Dunibear,I want a photograph… of your first glass of wine ,2020-04-23 06:57:20+00:00,0,2,,,1253216367639236609
66,1253056770110562304,https://twitter.com/PeterDFleetwood/status/1253056770110562304,PeterDFleetwood,craig_earley,That's quite a list,2020-04-22 20:23:09+00:00,0,0,,,1253056770110562304
66,1252934589112356864,https://twitter.com/PeterDFleetwood/status/1252934589112356864,PeterDFleetwood,Dunibear,"Just lovely. Same now, IMHO.",2020-04-22 12:17:39+00:00,0,1,,,1252934589112356864
66,1252638863891353601,https://twitter.com/PeterDFleetwood/status/1252638863891353601,PeterDFleetwood,PeterDFleetwood,My 6 people: @frankcottrell_b @Storystudiouk @bro_james @craig_earley @johnqbarber @DominicFarrell,2020-04-21 16:42:32+00:00,0,1,@frankcottrell_b @Storystudiouk @bro_james @craig_earley @johnqbarber @DominicFarrell,,1252638863891353601
66,1252635738404986882,https://twitter.com/PeterDFleetwood/status/1252635738404986882,PeterDFleetwood,bro_james,My 6 books: Le Petit Prince by Antoine de Saint-Exupéry Le Grand Meaulnes by Alain-Fournier Enduring Love by Ian McEwan Il Nome della Rosa by Umberto Eco Utopia by Thomas More Miss Smilla’s Feeling for Snow by Peter Høeg,2020-04-21 16:30:07+00:00,0,3,,,1252635738404986882
66,1251656625947136001,https://twitter.com/Oprah/status/1251656625947136001,Oprah,,Or stream it here: https://www.globalcitizen.org/en/connect/togetherathome/?utm_source=social_platform&amp;utm_medium=platformglobal_artist&amp;utm_campaign=oneworld_launch&amp;utm_content=signup #TogetherAtHome,2020-04-18 23:39:28+00:00,220,1399,,#TogetherAtHome #TogetherAtHome,1251656625947136001
66,1251656521882140672,https://twitter.com/Oprah/status/1251656521882140672,Oprah,,We’re doing dinner early so we can watch the ONE World concert with @LadyGaga &amp; @glblctzn at 8 PM EST across all the major networks. I think wine and music makes meal prep so much better. You agree? #TogetherAtHome,2020-04-18 23:39:04+00:00,2636,38926,@ladygaga @GlblCtzn,#TogetherAtHome #TogetherAtHome,1251656521882140672
66,1250276194907381760,https://twitter.com/Oprah/status/1250276194907381760,Oprah,,"We are in a moment where we need to be lifted and comforted and @IAMJHUD’s voice is one that can do that. Jennifer: Thank you for calming our spirits through your song, “Moan.” Watch my free @appletv special #OprahTalks here: http://apple.co/Oprahtalks pic.twitter.com/vZrBhxtZHZ",2020-04-15 04:14:08+00:00,439,1881,@IAMJHUD @AppleTV,#OprahTalks,1250276194907381760
66,1250274404577079297,https://twitter.com/Oprah/status/1250274404577079297,Oprah,,Stream my free @AppleTV conversation with @DrAlethaMaybank here:,2020-04-15 04:07:01+00:00,71,349,@AppleTV @DrAlethaMaybank,,1250274404577079297
66,1250274169004032000,https://twitter.com/Oprah/status/1250274169004032000,Oprah,,.@DrAlethaMaybank founded the first center for health equity for the @AmerMedicalAssn. She seeks to provide underserved populations across the country with resources &amp; access to quality healthcare. Thank you for your work #OprahTalks #COVID19,2020-04-15 04:06:05+00:00,296,1349,@DrAlethaMaybank @AmerMedicalAssn,#OprahTalks #COVID19,1250274169004032000
66,1250269587599319043,https://twitter.com/Oprah/status/1250269587599319043,Oprah,nhannahjones,Important thread on #COVID19 &amp; Black America #OprahTalks,2020-04-15 03:47:53+00:00,268,1104,,#COVID19 #OprahTalks,1250269587599319043
66,1250269478304100352,https://twitter.com/Oprah/status/1250269478304100352,Oprah,,Watch my free @AppleTV conversation with @nhannahjones here: http://Apple.co/oprahtalks,2020-04-15 03:47:27+00:00,89,356,@AppleTV @nhannahjones,,1250269478304100352
66,1250268740605919232,https://twitter.com/Oprah/status/1250268740605919232,Oprah,,.@nhannahjones was ahead of the curve in warning us that #COVID19 was going to hit the Black community like a sledgehammer—which is why she started a Twitter thread to make them aware. Thank you for bringing us awareness through your work &amp; social media. #OprahTalks,2020-04-15 03:44:31+00:00,612,3281,@nhannahjones,#COVID19 #OprahTalks,1250268740605919232
66,1250266899801346048,https://twitter.com/Oprah/status/1250266899801346048,Oprah,,Watch my free @AppleTV conversation with the Riley family here: http://Apple.co/oprahtalks,2020-04-15 03:37:12+00:00,32,205,@AppleTV,,1250266899801346048
66,1250266527074594817,https://twitter.com/Oprah/status/1250266527074594817,Oprah,,"In Milwaukee, Black people account for nearly 70% of the #COVID19 deaths but only make up 26% of the population. Lawrence was the first resident of the city to die of the virus. He lost his battle 3 days after being diagnosed—wth his family unable to be by his side #OprahTalks",2020-04-15 03:35:43+00:00,324,1246,,#COVID19 #OprahTalks,1250266527074594817
66,1253378058892926978,https://twitter.com/carlossalen_/status/1253378058892926978,carlossalen_,,"may zepeto na po ako, baka naman",2020-04-23 17:39:50+00:00,0,2,,,1253378058892926978
66,1253377290144079874,https://twitter.com/carlossalen_/status/1253377290144079874,carlossalen_,,self love,2020-04-23 17:36:47+00:00,1,0,,,1253377290144079874
66,1253376451367198721,https://twitter.com/carlossalen_/status/1253376451367198721,carlossalen_,,you & I could be like sonny & cher,2020-04-23 17:33:27+00:00,0,1,,,1253376451367198721
66,1253375987569459200,https://twitter.com/carlossalen_/status/1253375987569459200,carlossalen_,russellbacardi,want:<,2020-04-23 17:31:36+00:00,0,0,,,1253375987569459200
66,1253298075868618753,https://twitter.com/carlossalen_/status/1253298075868618753,carlossalen_,,andito lang char ,2020-04-23 12:22:01+00:00,0,0,,,1253298075868618753
66,1253297986047631360,https://twitter.com/carlossalen_/status/1253297986047631360,carlossalen_,aullikk,hala ka grr,2020-04-23 12:21:39+00:00,0,0,,,1253297986047631360
66,1253229487082225664,https://twitter.com/carlossalen_/status/1253229487082225664,carlossalen_,,"ayun, nabuhat nanaman ako ‍ ",2020-04-23 07:49:28+00:00,0,0,,,1253229487082225664
66,1253190153520082944,https://twitter.com/carlossalen_/status/1253190153520082944,carlossalen_,,hirap mag solo amp mananalo tas matatalo,2020-04-23 05:13:10+00:00,2,0,,,1253190153520082944
66,1253168752222277632,https://twitter.com/carlossalen_/status/1253168752222277632,carlossalen_,,baka ako talaga yung may problema ‍ ,2020-04-23 03:48:07+00:00,15,17,,,1253168752222277632
66,1253164929332346883,https://twitter.com/carlossalen_/status/1253164929332346883,carlossalen_,,di ko na alam,2020-04-23 03:32:56+00:00,0,3,,,1253164929332346883
66,1247811721915318274,https://twitter.com/EyeOfJackieChan/status/1247811721915318274,EyeOfJackieChan,,"I’d like to say a big heartfelt Thank You to all my friends and fans for the birthday wishes. I think my birthday wish is similar to your wish. I hope for an effective medication & vaccine to be developed soon, and I also hope for world peace & harmony. Stay safe and healthy ",2020-04-08 09:01:12+00:00,996,8939,,,1247811721915318274
66,1246073909436243968,https://twitter.com/EyeOfJackieChan/status/1246073909436243968,EyeOfJackieChan,,Stay Safe! Stay Strong! ,2020-04-03 13:55:45+00:00,4016,16760,,,1246073909436243968
66,1243027554149138432,https://twitter.com/EyeOfJackieChan/status/1243027554149138432,EyeOfJackieChan,,"During this difficult time that is affecting everyone around the world, please stay safe...",2020-03-26 04:10:37+00:00,439,2845,,,1243027554149138432
66,1115571526202482699,https://twitter.com/EyeOfJackieChan/status/1115571526202482699,EyeOfJackieChan,,Please note this official statement from my office.... (http://www.jackiechan.com/scrapbook/),2019-04-09 11:05:52+00:00,242,2029,,,1115571526202482699
66,1114812249368084481,https://twitter.com/EyeOfJackieChan/status/1114812249368084481,EyeOfJackieChan,,"Work as usual on an ordinary day. There are two dates in every year that I'm most ""afraid"" of. One of those dates is New Year, the other is my birthday. I'd like to say a special heartfelt ""thank you"" to all my friends and fans for your birthday well... https://bit.ly/2I4cEN6",2019-04-07 08:48:47+00:00,585,4482,,,1114812249368084481
66,1098589937761480704,https://twitter.com/EyeOfJackieChan/status/1098589937761480704,EyeOfJackieChan,,Check out the unofficial announcement on my website. :) (http://www.jackiechan.com/scrapbook/unofficial-announcement/),2019-02-21 14:27:06+00:00,155,1323,,,1098589937761480704
66,1090072233211396096,https://twitter.com/EyeOfJackieChan/status/1090072233211396096,EyeOfJackieChan,,"To me, protecting the environment is equally important as making films. Last year in May, my “Jackie Chan Environmental Protection, Art Exhibition and Museum” opened at the Ancient Residence Garden in Bangbu, Anhui. Now,...",2019-01-29 02:20:47+00:00,249,1743,,,1090072233211396096
66,1088693475233521664,https://twitter.com/EyeOfJackieChan/status/1088693475233521664,EyeOfJackieChan,,"Bringing the ""Green Heroes"" concept of environmental protection, recycling, re-using, and re-designing to Salt Lake City, Utah! I hope we all can all help with cleaning & protecting our environment.",2019-01-25 07:02:06+00:00,207,1488,,,1088693475233521664
66,1088448118977265672,https://twitter.com/EyeOfJackieChan/status/1088448118977265672,EyeOfJackieChan,,"Would like to say a big ""THANK YOU"" to all my fans who travelled from all over the country to see me in New York. (https://bit.ly/2Dvfmr8) Have you read my book yet?",2019-01-24 14:47:08+00:00,122,1417,,,1088448118977265672
66,1087848512048517125,https://twitter.com/EyeOfJackieChan/status/1087848512048517125,EyeOfJackieChan,,"My LiveSigning with Premiere Collectibles is finally happening tonight!! If you haven't already, there's still time to get your signed copy and ask me a question at http://PremiereCollectibles.com/jackiechan",2019-01-22 23:04:31+00:00,132,1078,,,1087848512048517125
66,1252303501750927361,https://twitter.com/HulkHogan/status/1252303501750927361,HulkHogan,,Last day don't miss out on a chance to win Giveaway 5 signed T-shirts!5 winners! •Click “like”. •Tag 3 friends. •Comment (Done) Ends (04/20/20) @hogansbeachshop,2020-04-20 18:29:56+00:00,112,926,@HogansBeachShop,,1252303501750927361
66,1251632912442810370,https://twitter.com/HulkHogan/status/1251632912442810370,HulkHogan,cjfighter1980,Yo Chris thank you my brother and I’m trying really hard to live each day to the fullest love u HH,2020-04-18 22:05:15+00:00,1,9,,,1251632912442810370
66,1251632464465932289,https://twitter.com/HulkHogan/status/1251632464465932289,HulkHogan,Hulkamania4ever,Yo George miss you and love you my brother HH,2020-04-18 22:03:28+00:00,2,105,,,1251632464465932289
66,1251575674097283072,https://twitter.com/HulkHogan/status/1251575674097283072,HulkHogan,,"For the people that don’t know or are just haters,that is my private beach that I bought and no one else is allowed one love one God4LifeafterLifeHH",2020-04-18 18:17:48+00:00,1106,13802,,,1251575674097283072
66,1251530679323635714,https://twitter.com/HulkHogan/status/1251530679323635714,HulkHogan,,My wife Jennifer”Mrs.Hogan”jumping for joy that she’s back on the beach brother “ Rideordie/life partner/honest positive/real/love4LifeHH,2020-04-18 15:19:00+00:00,127,2314,,,1251530679323635714
66,1250798842989162497,https://twitter.com/HulkHogan/status/1250798842989162497,HulkHogan,,"Howard Finkle was on Team Hogan through the good and bad times,even when I was on the outs Howard would call on a consistent basis to tell me to always keep my head up,it was” never say never” and “you and Vince will work it out”,my good friend RIP,I love you 4LifeHH",2020-04-16 14:50:57+00:00,1134,9971,,,1250798842989162497
66,1250625522226417665,https://twitter.com/HulkHogan/status/1250625522226417665,HulkHogan,,When it was good it was “damn good” HOLLYWOOD 94 4Life,2020-04-16 03:22:14+00:00,556,5260,,,1250625522226417665
66,1250610656694411270,https://twitter.com/HulkHogan/status/1250610656694411270,HulkHogan,,"Pumpkin Spice to Hogan,”I dare you to touch it brother “. HH",2020-04-16 02:23:10+00:00,1761,6512,,,1250610656694411270
66,1250463196646977536,https://twitter.com/HulkHogan/status/1250463196646977536,HulkHogan,itstrichy,Strong brother HH,2020-04-15 16:37:13+00:00,0,3,,,1250463196646977536
66,1250404897146707970,https://twitter.com/HulkHogan/status/1250404897146707970,HulkHogan,,"#Hogansbeachshop is doing crazy deals, all replica title belts will come signed for the retail price!!!! #Wrestling #NWO #WWE #WWF https://hogansbeachshop.com/collections/belts-title-belts-replica-belts/replica-belts",2020-04-15 12:45:33+00:00,34,253,,#Hogansbeachshop #Wrestling #NWO #WWE #WWF,1250404897146707970
66,1244707123201785858,https://twitter.com/toukersuleyman/status/1244707123201785858,toukersuleyman,,Feed The Covid 19 Royal Free Hospital Staff,2020-03-30 19:24:38+00:00,2,8,,,1244707123201785858
66,1154072747754053632,https://twitter.com/toukersuleyman/status/1154072747754053632,toukersuleyman,piersmorgan,"So pleased you like the dress. It’s from one of my British iconic brands Ghost London. Regards, Touker.",2019-07-24 16:55:59+00:00,1,35,,,1154072747754053632
66,1078223388806705152,https://twitter.com/toukersuleyman/status/1078223388806705152,toukersuleyman,,"Thank you #virginatlantic , for amazing service at #virginatlantic Heathrow ground services, great service on my flight to Miami, same great service on ground at Miami. I will be traveling… https://www.instagram.com/p/Br4tDXwAEYb/?utm_source=ig_twitter_share&amp;igshid=u7vbo054arb6",2018-12-27 09:37:42+00:00,1,24,,#virginatlantic #virginatlantic,1078223388806705152
66,1076795816768126976,https://twitter.com/toukersuleyman/status/1076795816768126976,toukersuleyman,,Tune in tonight #bbc2 at 8 pm for a new show of #dragonsden . Wonder which entrepreneurs got investment. #toukertime https://www.instagram.com/p/BruYuJ6gi_-/?utm_source=ig_twitter_share&amp;igshid=lwueewhaw7mu,2018-12-23 11:05:03+00:00,2,19,,#bbc2 #dragonsden #toukertime,1076795816768126976
66,1073287186026508289,https://twitter.com/toukersuleyman/status/1073287186026508289,toukersuleyman,,"Thank you berrybmwgroup bmw @bmw_uk for giving me the opportunity to trial this amazing electric #bmwi3 , great car , #bmw have a winner here. Great service berrybmwgroup , if your… https://www.instagram.com/p/BrVoW9PgVTS/?utm_source=ig_twitter_share&amp;igshid=13o9gkfz2o58p",2018-12-13 18:43:00+00:00,4,14,@BMW_UK,#bmwi3 #bmw,1073287186026508289
66,1063055582645706753,https://twitter.com/toukersuleyman/status/1063055582645706753,toukersuleyman,,Thank you #virginatlantic for first class Heathrow ground services. #toukertime https://www.instagram.com/p/BqM7j8mgVgi/?utm_source=ig_twitter_share&amp;igshid=1imiwx2783gvh,2018-11-15 13:06:16+00:00,0,8,,#virginatlantic #toukertime,1063055582645706753
66,1061627303652929536,https://twitter.com/toukersuleyman/status/1061627303652929536,toukersuleyman,,"Looking forward in working with “ Mark Mate , which makes teachers marking homework easier. They got my investment in last nights show of #dragonsden . There going to get #toukertime https://www.instagram.com/p/Bpyh4bMAMlf/?utm_source=ig_twitter_share&amp;igshid=1a468051x6bul",2018-11-11 14:30:47+00:00,2,21,,#dragonsden #toukertime,1061627303652929536
66,1061293816982986753,https://twitter.com/toukersuleyman/status/1061293816982986753,toukersuleyman,,The Dragons are back tomorrow night new time 8 30 pm #bbc2 #dragonsden #toukertime https://www.instagram.com/p/BqAORjOA3sZ/?utm_source=ig_twitter_share&amp;igshid=7kib4mam741p,2018-11-10 16:25:38+00:00,2,29,,#bbc2 #dragonsden #toukertime,1061293816982986753
66,1059138551097552896,https://twitter.com/toukersuleyman/status/1059138551097552896,toukersuleyman,,"Some entrepreneurs play hard , so have to rethink my offer!! See tonight at 8 pm #bbc2 #dragonsden #toukertime https://www.instagram.com/p/BpxGQ1ZAS5i/?utm_source=ig_twitter_share&amp;igshid=1e8g8k1wsdpi4",2018-11-04 17:41:23+00:00,4,17,,#bbc2 #dragonsden #toukertime,1059138551097552896
66,1058796543535472662,https://twitter.com/toukersuleyman/status/1058796543535472662,toukersuleyman,,"The Dragons are back tomorrow night , #dragonsden #bbc2 8 pm. Entrepreneurs pitching for investment, see who got investment tomorrow night. #toukertime https://www.instagram.com/p/Bpumhy-Abc9/?utm_source=ig_twitter_share&amp;igshid=1ejr3y67kw7k5",2018-11-03 19:02:22+00:00,3,13,,#dragonsden #bbc2 #toukertime,1058796543535472662
66,1252370645280632838,https://twitter.com/PierceBrosnan/status/1252370645280632838,PierceBrosnan,,"Watch the premiere of Jane Goodall: The Hope airing this Earth Day, April 22nd on National Geographic at 9/8c. #JaneTheHope #EarthDay",2020-04-20 22:56:44+00:00,57,306,,#JaneTheHope #EarthDay #EarthDay,1252370645280632838
66,1235013871737303045,https://twitter.com/PierceBrosnan/status/1235013871737303045,PierceBrosnan,,"James Lipton’s passion for the work and craft of actors was a joy to behold. Rest In Peace, James. It was an honor to be a guest on “Inside the Actors Studio.” @OvationTV will be airing Lipton’s most iconic interviews this Wednesday at 7pm ET.",2020-03-04 01:27:07+00:00,67,452,@ovationtv,,1235013871737303045
66,1231035983572828160,https://twitter.com/PierceBrosnan/status/1231035983572828160,PierceBrosnan,,"To see my image on @RoyalMail stamp that celebrates the upcoming Bond movie, “No Time To Die,” and to be in the company of my fellow actors who each created the role of Bond with their own unique charisma and talent is certainly one for the books.",2020-02-22 02:00:24+00:00,570,3853,@RoyalMail,,1231035983572828160
66,1184944705714311168,https://twitter.com/PierceBrosnan/status/1184944705714311168,PierceBrosnan,,Don’t miss #PoisoningParadise @nogmokauai screening Saturday 10/26 @RegalLALIVE as part of @dtlaff Tickets: http://www.dtlaff.com/poisoning-paradise/98/,2019-10-17 21:30:07+00:00,27,193,@nogmokauai @RegalLALIVE @dtlaff,#PoisoningParadise,1184944705714311168
66,1137119972600102912,https://twitter.com/PierceBrosnan/status/1137119972600102912,PierceBrosnan,,Immerse yourself in the beauty and wonder of nature. #TheBiggestLittleFarm is NOW PLAYING In Theaters Nationwide. Get Tickets:,2019-06-07 22:11:42+00:00,46,264,,#TheBiggestLittleFarm,1137119972600102912
66,1135985301476691968,https://twitter.com/PierceBrosnan/status/1135985301476691968,PierceBrosnan,,So proud to debut #PoisoningParadise today on iTunes. Tap link in my bio to own it today. @nogmokauai,2019-06-04 19:02:56+00:00,88,518,@nogmokauai,#PoisoningParadise,1135985301476691968
66,1123258244774817792,https://twitter.com/PierceBrosnan/status/1123258244774817792,PierceBrosnan,,UK. The Son. Tonight! @AMCtvUK,2019-04-30 16:10:09+00:00,61,533,@AMCtvUK,,1123258244774817792
66,1121865214897479680,https://twitter.com/PierceBrosnan/status/1121865214897479680,PierceBrosnan,,Pre-Order #PoisoningParadise @nogmokauai on iTunes via link in bio! #GMOFree #Hawaii #Kauai #AG #PoisoningParadise #PoisoningParadiseMovie #Documentary Graphics by Sylvana Howton Poster Art by Lauryn Rego,2019-04-26 19:54:45+00:00,39,161,@nogmokauai,#PoisoningParadise #GMOFree #Hawaii #Kauai #AG #PoisoningParadise #PoisoningParadiseMovie #Documentary,1121865214897479680
66,1114186366152110080,https://twitter.com/PierceBrosnan/status/1114186366152110080,PierceBrosnan,,@MammaMiaMusical #MammaMia20,2019-04-05 15:21:44+00:00,6,18,@MammaMiaMusical,#MammaMia20,1114186366152110080
66,1058538943346405376,https://twitter.com/PierceBrosnan/status/1058538943346405376,PierceBrosnan,,"Join me Sunday 10 ET/8PT @NatGeoChannel as we honor the world’s top scientists and mathematicians as they are awarded the world’s most generous science prize at the Oscars of Science, @brkthroughprize Ceremony.",2018-11-03 01:58:45+00:00,105,543,@NatGeoChannel @brkthroughprize,,1058538943346405376
66,1253481797305933828,https://twitter.com/FOX13Memphis/status/1253481797305933828,FOX13Memphis,,Local chef struggling during pandemic launches virtual chocolate boutique,2020-04-24 00:32:03+00:00,0,2,,,1253481797305933828
66,1253477541916160002,https://twitter.com/FOX13Memphis/status/1253477541916160002,FOX13Memphis,,Good Question: What’s the difference between COVID-19 and coronavirus?,2020-04-24 00:15:09+00:00,0,0,,,1253477541916160002
66,1253473246017720322,https://twitter.com/FOX13Memphis/status/1253473246017720322,FOX13Memphis,,Family member accidentally shot and killed by sibling in North Mississippi,2020-04-23 23:58:04+00:00,0,1,,,1253473246017720322
66,1253469216935751680,https://twitter.com/FOX13Memphis/status/1253469216935751680,FOX13Memphis,,Bartlett City Schools extends student meal program through May 22,2020-04-23 23:42:04+00:00,0,0,,,1253469216935751680
66,1253465185647550465,https://twitter.com/FOX13Memphis/status/1253465185647550465,FOX13Memphis,,"Health department will have final say in when businesses reopen, Arlington mayor says",2020-04-23 23:26:03+00:00,0,1,,,1253465185647550465
66,1253456637240672257,https://twitter.com/FOX13Memphis/status/1253456637240672257,FOX13Memphis,,Lakeland catering company feeds Mid-South families for free,2020-04-23 22:52:05+00:00,0,2,,,1253456637240672257
66,1253452606376235008,https://twitter.com/FOX13Memphis/status/1253452606376235008,FOX13Memphis,,Making it in the Mid-South: Filing for unemployment benefits,2020-04-23 22:36:04+00:00,1,0,,,1253452606376235008
66,1253434753274900483,https://twitter.com/FOX13Memphis/status/1253434753274900483,FOX13Memphis,,Some Memphis businesses will be allowed to reopen Friday with added restrictions,2020-04-23 21:25:07+00:00,3,2,,,1253434753274900483
66,1253430713786920961,https://twitter.com/FOX13Memphis/status/1253430713786920961,FOX13Memphis,,2 local schools to close at end of year,2020-04-23 21:09:04+00:00,0,4,,,1253430713786920961
66,1253420397090844673,https://twitter.com/FOX13Memphis/status/1253420397090844673,FOX13Memphis,,Governor Lee says he wants stores and restaurants open next week across most of the state,2020-04-23 20:28:04+00:00,0,10,,,1253420397090844673
66,1253491112959975430,https://twitter.com/KTVB/status/1253491112959975430,KTVB,,"2020 NFL Draft: Pick-by-pick live updates, highlights, analysis",2020-04-24 01:09:04+00:00,0,1,,,1253491112959975430
66,1253483065562800129,https://twitter.com/KTVB/status/1253483065562800129,KTVB,,Live Blog: Former Boise State football players hope to hear their names called in the NFL Draft,2020-04-24 00:37:06+00:00,0,0,,,1253483065562800129
66,1253475021470793729,https://twitter.com/KTVB/status/1253475021470793729,KTVB,,Nonprofits featured on KTVB for Idaho Gives,2020-04-24 00:05:08+00:00,0,2,,,1253475021470793729
66,1253467208484818952,https://twitter.com/KTVB/status/1253467208484818952,KTVB,,You Can Grow It: The complete herb garden,2020-04-23 23:34:05+00:00,1,3,,,1253467208484818952
66,1253459280662945794,https://twitter.com/KTVB/status/1253459280662945794,KTVB,,"#IdahoGives just hit $500,000 raised for Idaho nonprofits on the first day for almost 500 organizations! Impressive Idaho! Keep it up:",2020-04-23 23:02:35+00:00,0,3,,#IdahoGives,1253459280662945794
66,1253456889683329024,https://twitter.com/KTVB/status/1253456889683329024,KTVB,,Sen. Stennett's take on governor's recovery plan,2020-04-23 22:53:05+00:00,0,0,,,1253456889683329024
66,1253449087132872704,https://twitter.com/KTVB/status/1253449087132872704,KTVB,,'It just felt right': Meridian couple has life-saving kidney donations in common,2020-04-23 22:22:04+00:00,0,0,,,1253449087132872704
66,1253441052138061824,https://twitter.com/KTVB/status/1253441052138061824,KTVB,,Reports: Ruth's Chris Steak House to return $20 million small business loan,2020-04-23 21:50:09+00:00,2,19,,,1253441052138061824
66,1253433233666015233,https://twitter.com/KTVB/status/1253433233666015233,KTVB,,Boise State football: NFL Draft checklist,2020-04-23 21:19:05+00:00,0,1,,,1253433233666015233
66,1253425181239853060,https://twitter.com/KTVB/status/1253425181239853060,KTVB,,When will stimulus checks be mailed? What to know if you're still waiting,2020-04-23 20:47:05+00:00,0,1,,,1253425181239853060
66,1253489080987463682,https://twitter.com/12News/status/1253489080987463682,12News,,Arizona's first case on death row surfaced last week. There are 114 men on death row.,2020-04-24 01:01:00+00:00,0,5,,,1253489080987463682
66,1253481282832654339,https://twitter.com/12News/status/1253481282832654339,12News,,People around the Valley are finding ways to make others smile while physical distancing.,2020-04-24 00:30:01+00:00,0,0,,,1253481282832654339
66,1253475698901164032,https://twitter.com/12News/status/1253475698901164032,12News,,Court documents say Mark Gooch kidnapped Sasha Krause from her Mennonite community in January and killed her near Flagstaff.,2020-04-24 00:07:49+00:00,2,1,,,1253475698901164032
66,1253473732946993152,https://twitter.com/12News/status/1253473732946993152,12News,,"Your dentist or clinic can reopen on May 1, but only under these strict guidelines and they can be closed again at the state's discretion.",2020-04-24 00:00:01+00:00,0,1,,,1253473732946993152
66,1253466431439634437,https://twitter.com/12News/status/1253466431439634437,12News,,A group called 'Target Workers Unite' says the foot traffic and guest behavior inside stores has been 'atrocious' since the coronavirus pandemic began.,2020-04-23 23:31:00+00:00,4,5,,,1253466431439634437
66,1253462836879253510,https://twitter.com/12News/status/1253462836879253510,12News,,"En Arizona, un 43% de mujeres y un 33% de hombres han experimentado abuso sexual, violencia física y/o algún tipo de acoso por su pareja intima. El promedio en el estado es más alto que a nivel nacional. https://bit.ly/2XVIh2t",2020-04-23 23:16:43+00:00,1,3,,,1253462836879253510
66,1253458643783204879,https://twitter.com/12News/status/1253458643783204879,12News,,Newly released documents say an Arizona mother sang nursery rhymes the night she killed her children and other details,2020-04-23 23:00:03+00:00,1,1,,,1253458643783204879
66,1253451332272390147,https://twitter.com/12News/status/1253451332272390147,12News,,"Arizona hospitals, dentists and other medical clinics can start seeing patients for elective surgeries starting next month, but only if certain conditions are met. https://www.12news.com/article/news/health/coronavirus/elective-surgeries-can-resume-in-arizona-on-may-1-but-only-if-these-conditions-are-met/75-0e9d20d6-2ba9-4ced-9667-c3e48553362f",2020-04-23 22:31:00+00:00,4,13,,,1253451332272390147
66,1253443550890594304,https://twitter.com/12News/status/1253443550890594304,12News,,"Have you gotten a stimulus check yet? If not, find out when a paper check could arrive in your mailbox.",2020-04-23 22:00:05+00:00,0,5,,,1253443550890594304
66,1253442017880756224,https://twitter.com/12News/status/1253442017880756224,12News,,NFL Draft: Diving into 5 scenarios for the Arizona Cardinals at No. 8,2020-04-23 21:53:59+00:00,0,1,,,1253442017880756224
66,1253487563760779265,https://twitter.com/MFSteveHere/status/1253487563760779265,MFSteveHere,FiteTV,Mine :),2020-04-24 00:54:58+00:00,0,37,,,1253487563760779265
66,1253387916983689216,https://twitter.com/MFSteveHere/status/1253387916983689216,MFSteveHere,Hundar, ,2020-04-23 18:19:00+00:00,1,11,,,1253387916983689216
66,1253381498478067713,https://twitter.com/MFSteveHere/status/1253381498478067713,MFSteveHere,DijakovicWWE, ,2020-04-23 17:53:30+00:00,3,110,,,1253381498478067713
66,1253359923791974401,https://twitter.com/MFSteveHere/status/1253359923791974401,MFSteveHere,joshuachenault1,@JohnWayneLacey dying right now,2020-04-23 16:27:46+00:00,2,3,@JohnWayneLacey,,1253359923791974401
66,1253350477988757504,https://twitter.com/MFSteveHere/status/1253350477988757504,MFSteveHere,,There’s a lot going on here Jack,2020-04-23 15:50:14+00:00,0,65,,,1253350477988757504
66,1253109195374616576,https://twitter.com/MFSteveHere/status/1253109195374616576,MFSteveHere,KReesy12,,2020-04-22 23:51:28+00:00,0,4,,,1253109195374616576
66,1253103185037627393,https://twitter.com/MFSteveHere/status/1253103185037627393,MFSteveHere,ComicBook,Oh snap. Russian Doll was one of my favorite most under the radar shows of the past few years.,2020-04-22 23:27:35+00:00,3,39,,,1253103185037627393
66,1252831910750875648,https://twitter.com/MFSteveHere/status/1252831910750875648,MFSteveHere,KicksDeals,I want these but where the hell am I gonna wear them,2020-04-22 05:29:38+00:00,1,77,,,1252831910750875648
66,1252811802775220227,https://twitter.com/MFSteveHere/status/1252811802775220227,MFSteveHere,,Kamille’s first interview thing at the end of this @nwa Powerrr is REALLY well done. Great build just to hear a person talk.,2020-04-22 04:09:44+00:00,0,3,@nwa,,1252811802775220227
66,1252805410756554752,https://twitter.com/MFSteveHere/status/1252805410756554752,MFSteveHere,TimSpulak,"It’s the untold story of Beef McDonough, the porn star turned green lantern that made giant green dicks to fend off evil",2020-04-22 03:44:20+00:00,0,1,,,1252805410756554752
66,1252196632453681153,https://twitter.com/RealRonHoward/status/1252196632453681153,RealRonHoward,,"happy birthday brother #ClintHoward Sorry we can’t hang out in person but somehow i hope you have a socially-distant-yet-riotously-fun day Or just stay healthy and have delicious piece of cake. love you, Clint",2020-04-20 11:25:16+00:00,225,6152,,#ClintHoward,1252196632453681153
66,1252012132088021003,https://twitter.com/RealRonHoward/status/1252012132088021003,RealRonHoward,,,2020-04-19 23:12:08+00:00,26,111,,,1252012132088021003
66,1252001316517396480,https://twitter.com/RealRonHoward/status/1252001316517396480,RealRonHoward,Vertchallenged2,great memories,2020-04-19 22:29:09+00:00,0,2,,,1252001316517396480
66,1252001252852076544,https://twitter.com/RealRonHoward/status/1252001252852076544,RealRonHoward,50_chgreer,if you watch the unedited live stream he did you see every shot for yourself! Check him out on youtube Reed Howard Live Streams,2020-04-19 22:28:54+00:00,0,1,,,1252001252852076544
66,1251998959272411138,https://twitter.com/RealRonHoward/status/1251998959272411138,RealRonHoward,,Trackman Simulator Golf Highlight Reel. Reed Shoots 59 and more. https://youtu.be/BbV8NO5xtO8 via @YouTube,2020-04-19 22:19:47+00:00,6,39,@YouTube,,1251998959272411138
66,1251937796438319104,https://twitter.com/RealRonHoward/status/1251937796438319104,RealRonHoward,,@TrackManGolf Check out my son #ReedHoward ‘s cool Simulator Golf Highlight Reel. Reed Shoots 59 and more! People find it fun &amp; if you agree share it with #Golf lovers close to U. https://youtu.be/BbV8NO5xtO8 via @YouTube,2020-04-19 18:16:45+00:00,0,2,@TrackManGolf @YouTube,#ReedHoward #Golf,1251937796438319104
66,1251935488342200322,https://twitter.com/RealRonHoward/status/1251935488342200322,RealRonHoward,,@TrackManGolf #ReedHoward My son’s Simulator #Golf Highlight Reel is fun to check out. Reed Shoots 59 and more. If you get a kick out of it share it around. https://youtu.be/BbV8NO5xtO8 via @YouTube,2020-04-19 18:07:34+00:00,0,0,@TrackManGolf @YouTube,#ReedHoward #Golf,1251935488342200322
66,1251705261061963778,https://twitter.com/RealRonHoward/status/1251705261061963778,RealRonHoward,LGTourNews,"if you didn’t get to see this live, it’s well worth a watch #LangLang accompanying",2020-04-19 02:52:44+00:00,631,4069,,#LangLang,1251705261061963778
66,1251693042320453634,https://twitter.com/RealRonHoward/status/1251693042320453634,RealRonHoward,Mfs2K2,I believe he was playing from #Shanghai,2020-04-19 02:04:11+00:00,12,182,,#Shanghai,1251693042320453634
66,1251691332336267266,https://twitter.com/RealRonHoward/status/1251691332336267266,RealRonHoward,,my friend #LangLang great guy and tremendous artist.,2020-04-19 01:57:23+00:00,33,877,,#LangLang,1251691332336267266
